{
  "type": "minecraft:equipment",
  "pools": [
    {
      "rolls": 1,
      "entries": [
        {
          "type": "minecraft:loot_table",
          "value": {
            "pools": [
              {
                "rolls": 1,
                "entries": [
                  {
                    "type": "minecraft:item",
                    "name": "minecraft:stone_sword"
                  }
                ],
                "conditions": [
                  {
                    "condition": "minecraft:random_chance",
                    "chance": 0.75
                  }
                ]
              },
              {
                "rolls": 1,
                "entries": [
                  {
                    "type": "minecraft:item",
                    "name": "minecraft:stone_pickaxe"
                  }
                ],
                "conditions": [
                  {
                    "condition": "minecraft:random_chance",
                    "chance": 0.75
                  }
                ]
              },
              {
                "rolls": 1,
                "entries": [
                  {
                    "type": "minecraft:item",
                    "name": "minecraft:leather_helmet"
                  }
                ],
                "functions": [],
                "conditions": [
                  {
                    "condition": "minecraft:random_chance",
                    "chance": 0.75
                  }
                ]
              },
              {
                "rolls": 1,
                "entries": [
                  {
                    "type": "minecraft:item",
                    "name": "minecraft:leather_chestplate"
                  }
                ],
                "conditions": [
                  {
                    "condition": "minecraft:random_chance",
                    "chance": 0.75
                  }
                ]
              },
              {
                "rolls": 1,
                "entries": [
                  {
                    "type": "minecraft:item",
                    "name": "minecraft:leather_boots"
                  }
                ],
                "conditions": [
                  {
                    "condition": "minecraft:random_chance",
                    "chance": 0.75
                  }
                ]
              }
            ]
          },
          "weight": 3
        },
        {
          "type": "minecraft:loot_table",
          "value": {
            "pools": [
              {
                "rolls": 1,
                "entries": [
                  {
                    "type": "minecraft:item",
                    "name": "minecraft:iron_sword"
                  }
                ],
                "conditions": [
                  {
                    "condition": "minecraft:random_chance",
                    "chance": 0.6
                  }
                ]
              },
              {
                "rolls": 1,
                "entries": [
                  {
                    "type": "minecraft:item",
                    "name": "minecraft:iron_pickaxe"
                  }
                ],
                "conditions": [
                  {
                    "condition": "minecraft:random_chance",
                    "chance": 0.6
                  }
                ]
              },
              {
                "rolls": 1,
                "entries": [
                  {
                    "type": "minecraft:item",
                    "name": "minecraft:iron_helmet"
                  }
                ],
                "conditions": [
                  {
                    "condition": "minecraft:random_chance",
                    "chance": 0.6
                  }
                ]
              },
              {
                "rolls": 1,
                "entries": [
                  {
                    "type": "minecraft:item",
                    "name": "minecraft:iron_chestplate"
                  }
                ],
                "conditions": [
                  {
                    "condition": "minecraft:random_chance",
                    "chance": 0.6
                  }
                ]
              },
              {
                "rolls": 1,
                "entries": [
                  {
                    "type": "minecraft:item",
                    "name": "minecraft:iron_boots"
                  }
                ],
                "conditions": [
                  {
                    "condition": "minecraft:random_chance",
                    "chance": 0.6
                  }
                ]
              }
            ]
          },
          "weight": 2
        },
        {
          "type": "minecraft:loot_table",
          "value": {
            "pools": [
              {
                "rolls": 1,
                "entries": [
                  {
                    "type": "minecraft:item",
                    "name": "minecraft:diamond_sword"
                  }
                ],
                "conditions": [
                  {
                    "condition": "minecraft:random_chance",
                    "chance": 0.4
                  }
                ]
              },
              {
                "rolls": 1,
                "entries": [
                  {
                    "type": "minecraft:item",
                    "name": "minecraft:diamond_pickaxe",
                    "functions": []
                  }
                ],
                "conditions": [
                  {
                    "condition": "minecraft:random_chance",
                    "chance": 0.4
                  }
                ]
              },
              {
                "rolls": 1,
                "entries": [
                  {
                    "type": "minecraft:item",
                    "name": "minecraft:diamond_helmet"
                  }
                ],
                "conditions": [
                  {
                    "condition": "minecraft:random_chance",
                    "chance": 0.4
                  }
                ]
              },
              {
                "rolls": 1,
                "entries": [
                  {
                    "type": "minecraft:item",
                    "name": "minecraft:diamond_chestplate"
                  }
                ],
                "conditions": [
                  {
                    "condition": "minecraft:random_chance",
                    "chance": 0.4
                  }
                ]
              },
              {
                "rolls": 1,
                "entries": [
                  {
                    "type": "minecraft:item",
                    "name": "minecraft:diamond_boots"
                  }
                ],
                "conditions": [
                  {
                    "condition": "minecraft:random_chance",
                    "chance": 0.4
                  }
                ]
              }
            ]
          },
          "weight": 1
        }
      ]
    }
  ],
  "functions": [
    {
      "function": "minecraft:reference",
      "name": "nova_structures:loot_modifier"
    }
  ]
}
