{
  "type": "minecraft:equipment",
  "pools": [
    {
      "rolls": 1,
      "entries": [
        {
          "type": "minecraft:loot_table",
          "value": {
            "pools": [
              {
                "rolls": 1,
                "entries": [
                  {
                    "type": "minecraft:item",
                    "name": "minecraft:bow"
                  }
                ],
                "conditions": [
                  {
                    "condition": "minecraft:random_chance",
                    "chance": 0.75
                  }
                ]
              },
              {
                "rolls": 1,
                "entries": [
                  {
                    "type": "minecraft:item",
                    "name": "minecraft:leather_helmet"
                  }
                ],
                "functions": [],
                "conditions": [
                  {
                    "condition": "minecraft:random_chance",
                    "chance": 0.75
                  }
                ]
              },
              {
                "rolls": 1,
                "entries": [
                  {
                    "type": "minecraft:item",
                    "name": "minecraft:leather_chestplate"
                  }
                ],
                "conditions": [
                  {
                    "condition": "minecraft:random_chance",
                    "chance": 0.75
                  }
                ]
              },
              {
                "rolls": 1,
                "entries": [
                  {
                    "type": "minecraft:item",
                    "name": "minecraft:leather_boots"
                  }
                ],
                "conditions": [
                  {
                    "condition": "minecraft:random_chance",
                    "chance": 0.75
                  }
                ]
              }
            ]
          },
          "weight": 3
        },
        {
          "type": "minecraft:loot_table",
          "value": {
            "pools": [
              {
                "rolls": 1,
                "entries": [
                  {
                    "type": "minecraft:item",
                    "name": "minecraft:bow",
                    "functions": [
                      {
                        "function": "minecraft:enchant_with_levels",
                        "levels": {
                          "type": "minecraft:uniform",
                          "min": 10,
                          "max": 20
                        },
                        "options": "#minecraft:on_mob_spawn_equipment"
                      }
                    ]
                  }
                ],
                "conditions": [
                  {
                    "condition": "minecraft:random_chance",
                    "chance": 0.6
                  }
                ]
              },
              {
                "rolls": 1,
                "entries": [
                  {
                    "type": "minecraft:item",
                    "name": "minecraft:iron_helmet"
                  }
                ],
                "conditions": [
                  {
                    "condition": "minecraft:random_chance",
                    "chance": 0.6
                  }
                ]
              },
              {
                "rolls": 1,
                "entries": [
                  {
                    "type": "minecraft:item",
                    "name": "minecraft:iron_chestplate"
                  }
                ],
                "conditions": [
                  {
                    "condition": "minecraft:random_chance",
                    "chance": 0.6
                  }
                ]
              },
              {
                "rolls": 1,
                "entries": [
                  {
                    "type": "minecraft:item",
                    "name": "minecraft:iron_boots"
                  }
                ],
                "conditions": [
                  {
                    "condition": "minecraft:random_chance",
                    "chance": 0.6
                  }
                ]
              }
            ]
          },
          "weight": 2
        },
        {
          "type": "minecraft:loot_table",
          "value": {
            "pools": [
              {
                "rolls": 1,
                "entries": [
                  {
                    "type": "minecraft:item",
                    "name": "minecraft:bow",
                    "functions": [
                      {
                        "function": "minecraft:enchant_with_levels",
                        "levels": {
                          "type": "minecraft:uniform",
                          "min": 20,
                          "max": 40
                        },
                        "options": "#minecraft:on_mob_spawn_equipment"
                      }
                    ]
                  }
                ],
                "conditions": [
                  {
                    "condition": "minecraft:random_chance",
                    "chance": 0.4
                  }
                ]
              },
              {
                "rolls": 1,
                "entries": [
                  {
                    "type": "minecraft:item",
                    "name": "minecraft:diamond_helmet"
                  }
                ],
                "conditions": [
                  {
                    "condition": "minecraft:random_chance",
                    "chance": 0.4
                  }
                ]
              },
              {
                "rolls": 1,
                "entries": [
                  {
                    "type": "minecraft:item",
                    "name": "minecraft:diamond_chestplate"
                  }
                ],
                "conditions": [
                  {
                    "condition": "minecraft:random_chance",
                    "chance": 0.4
                  }
                ]
              },
              {
                "rolls": 1,
                "entries": [
                  {
                    "type": "minecraft:item",
                    "name": "minecraft:diamond_boots"
                  }
                ],
                "conditions": [
                  {
                    "condition": "minecraft:random_chance",
                    "chance": 0.4
                  }
                ]
              }
            ]
          },
          "weight": 1
        }
      ]
    }
  ],
  "functions": [
    {
      "function": "minecraft:reference",
      "name": "nova_structures:loot_modifier"
    }
  ]
}