{
    "parent": "minecraft:adventure/root",
    "criteria": {
        "shrine_combat": {
            "conditions": {
                "player": [
                    {
                        "condition": "minecraft:entity_properties",
                        "entity": "this",
                        "predicate": {
                            "location": {
                                "structures": "#nova_structures:shrine_v6"
                            }
                        }
                    }
                ]
            },
            "trigger": "minecraft:location"
        }
    },
    "display": {
        "announce_to_chat": true,
        "description": {
            "translate": "advancement.dnt.adventure.find_shrine_6",
            "fallback": "Something is Wrong..."
        },
        "frame": "task",
        "hidden": false,
        "icon": {
			"count": 1,
            "id": "minecraft:waxed_oxidized_copper_bulb"
        },
        "show_toast": true,
        "title": {
            "translate": "advancement.dnt.adventure.find_shrine_6.title",
            "fallback": "A Major Trial Of Strength+"
        }
    },
    "requirements": [
        [
            "shrine_combat"
        ]
    ],
    "sends_telemetry_event": false
}
